{
  "device": "cuda",
  "bias_rmse": 1.1209769593851575,
  "models": {
    "baseline_ensemble (cls big x3)": {
      "val_rmse": 1.0558059300626261,
      "test_rmse": 1.0448863864786948
    },
    "reg big (MSE)": {
      "val_rmse": 1.0608577170893856,
      "test_rmse": 1.0502294569903836
    },
    "ensemble + обогащённые priors (cls big x3)": {
      "val_rmse": 1.056244285335536,
      "test_rmse": 1.0446187776474853
    },
    "GBDT (best)": {
      "val_rmse": 1.0670459907429004,
      "test_rmse": 1.0600527609979558
    }
  },
  "blends": {
    "ens+gbdt": {
      "members": [
        "ens",
        "gbdt"
      ],
      "weights": [
        0.81,
        0.19
      ],
      "val_rmse": 1.0551330887252446,
      "test_rmse": 1.044588140201618,
      "segments": {
        "все": 1.044588140201618,
        "warm юзер": 1.105944924044838,
        "cold юзер": 1.0061910815193331,
        "warm заведение": 1.0667298238588927,
        "cold заведение": 0.950987880474247
      }
    },
    "ens+reg": {
      "members": [
        "ens",
        "reg"
      ],
      "weights": [
        0.785,
        0.215
      ],
      "val_rmse": 1.0553900265645102,
      "test_rmse": 1.0442837942383165,
      "segments": {
        "все": 1.0442837942383165,
        "warm юзер": 1.1049020550054496,
        "cold юзер": 1.0063703553992263,
        "warm заведение": 1.0663951914598988,
        "cold заведение": 0.9508176254459629
      }
    },
    "ens+reg+gbdt": {
      "members": [
        "ens",
        "reg",
        "gbdt"
      ],
      "weights": [
        0.657,
        0.174,
        0.169
      ],
      "val_rmse": 1.0548744047500973,
      "test_rmse": 1.044122270282053,
      "segments": {
        "все": 1.044122270282053,
        "warm юзер": 1.1053164650113096,
        "cold юзер": 1.00583102560707,
        "warm заведение": 1.0662248278820257,
        "cold заведение": 0.9506948444781804
      }
    },
    "ens_ext+gbdt": {
      "members": [
        "ens_ext",
        "gbdt"
      ],
      "weights": [
        0.804,
        0.196
      ],
      "val_rmse": 1.0555446820587202,
      "test_rmse": 1.0445116863204253,
      "segments": {
        "все": 1.0445116863204253,
        "warm юзер": 1.1054605372953665,
        "cold юзер": 1.0063819869379416,
        "warm заведение": 1.0666223488742146,
        "cold заведение": 0.9510500360866757
      }
    },
    "ens_ext+reg+gbdt": {
      "members": [
        "ens_ext",
        "reg",
        "gbdt"
      ],
      "weights": [
        0.605,
        0.236,
        0.159
      ],
      "val_rmse": 1.0549885958141247,
      "test_rmse": 1.043807810242919,
      "segments": {
        "все": 1.043807810242919,
        "warm юзер": 1.1044511535941346,
        "cold юзер": 1.0058771137599856,
        "warm заведение": 1.065878257384647,
        "cold заведение": 0.9505225759911125
      }
    },
    "все (ens+ens_ext+reg+gbdt)": {
      "members": [
        "ens",
        "ens_ext",
        "reg",
        "gbdt"
      ],
      "weights": [
        0.366,
        0.349,
        0.147,
        0.138
      ],
      "val_rmse": 1.0545414290770885,
      "test_rmse": 1.043485626772569,
      "segments": {
        "все": 1.043485626772569,
        "warm юзер": 1.1042129020035436,
        "cold юзер": 1.0054993707308555,
        "warm заведение": 1.0655805182529476,
        "cold заведение": 0.9500891284334476
      }
    }
  },
  "baseline_test_rmse_committed": 1.04468003719117,
  "final_blend": {
    "members": [
      "ens",
      "coral",
      "gbdt",
      "recency",
      "ens_ext"
    ],
    "weights": [
      0.0968,
      0.3603,
      0.1863,
      0.1803,
      0.1763
    ],
    "val_rmse": 1.0535177224257892,
    "test_rmse": 1.0424235402008688,
    "segments": {
      "все": 1.0424235402008688,
      "warm юзер": 1.103645499809842,
      "cold юзер": 1.0041110859144005,
      "warm заведение": 1.0644646868500829,
      "cold заведение": 0.9492621583730577
    },
    "base_val_rmse": {
      "ens": 1.0558059308304308,
      "ens_ext": 1.0562442848955536,
      "reg": 1.0608577170893856,
      "gbdt": 1.0655608217359083,
      "coral": 1.055915858729674,
      "recency": 1.0572127283373827
    },
    "base_test_rmse": {
      "ens": 1.04488638676768,
      "ens_ext": 1.0446187775915217,
      "reg": 1.0502294569903836,
      "gbdt": 1.0581113260483148,
      "coral": 1.0446404790917276,
      "recency": 1.0466072839993465
    }
  }
}